Ad Group,Keyword,Campaign,Criterion Type
sofas,buy sofas,SEM_Sofas,Exact
sofas,sofas buy,SEM_Sofas,Exact
sofas,discount sofas,SEM_Sofas,Exact
sofas,sofas discount,SEM_Sofas,Exact
sofas,sale sofas,SEM_Sofas,Exact
sofas,sofas sale,SEM_Sofas,Exact
sofas,cheap sofas,SEM_Sofas,Exact
sofas,sofas cheap,SEM_Sofas,Exact
sofas,prices sofas,SEM_Sofas,Exact
sofas,sofas prices,SEM_Sofas,Exact
sofas,best sofas,SEM_Sofas,Exact
sofas,sofas best,SEM_Sofas,Exact
sofas,offers sofas,SEM_Sofas,Exact
sofas,sofas offers,SEM_Sofas,Exact
sofas,online sofas,SEM_Sofas,Exact
sofas,sofas online,SEM_Sofas,Exact
sofas,shop sofas,SEM_Sofas,Exact
sofas,sofas shop,SEM_Sofas,Exact
sofas,store sofas,SEM_Sofas,Exact
sofas,sofas store,SEM_Sofas,Exact
sofas,deals sofas,SEM_Sofas,Exact
sofas,sofas deals,SEM_Sofas,Exact
sofas,affordable sofas,SEM_Sofas,Exact
sofas,sofas affordable,SEM_Sofas,Exact
convertible sofas,buy convertible sofas,SEM_Sofas,Exact
convertible sofas,convertible sofas buy,SEM_Sofas,Exact
convertible sofas,discount convertible sofas,SEM_Sofas,Exact
convertible sofas,convertible sofas discount,SEM_Sofas,Exact
convertible sofas,sale convertible sofas,SEM_Sofas,Exact
convertible sofas,convertible sofas sale,SEM_Sofas,Exact
convertible sofas,cheap convertible sofas,SEM_Sofas,Exact
convertible sofas,convertible sofas cheap,SEM_Sofas,Exact
convertible sofas,prices convertible sofas,SEM_Sofas,Exact
convertible sofas,convertible sofas prices,SEM_Sofas,Exact
convertible sofas,best convertible sofas,SEM_Sofas,Exact
convertible sofas,convertible sofas best,SEM_Sofas,Exact
convertible sofas,offers convertible sofas,SEM_Sofas,Exact
convertible sofas,convertible sofas offers,SEM_Sofas,Exact
convertible sofas,online convertible sofas,SEM_Sofas,Exact
convertible sofas,convertible sofas online,SEM_Sofas,Exact
convertible sofas,shop convertible sofas,SEM_Sofas,Exact
convertible sofas,convertible sofas shop,SEM_Sofas,Exact
convertible sofas,store convertible sofas,SEM_Sofas,Exact
convertible sofas,convertible sofas store,SEM_Sofas,Exact
convertible sofas,deals convertible sofas,SEM_Sofas,Exact
convertible sofas,convertible sofas deals,SEM_Sofas,Exact
convertible sofas,affordable convertible sofas,SEM_Sofas,Exact
convertible sofas,convertible sofas affordable,SEM_Sofas,Exact
love seats,buy love seats,SEM_Sofas,Exact
love seats,love seats buy,SEM_Sofas,Exact
love seats,discount love seats,SEM_Sofas,Exact
love seats,love seats discount,SEM_Sofas,Exact
love seats,sale love seats,SEM_Sofas,Exact
love seats,love seats sale,SEM_Sofas,Exact
love seats,cheap love seats,SEM_Sofas,Exact
love seats,love seats cheap,SEM_Sofas,Exact
love seats,prices love seats,SEM_Sofas,Exact
love seats,love seats prices,SEM_Sofas,Exact
love seats,best love seats,SEM_Sofas,Exact
love seats,love seats best,SEM_Sofas,Exact
love seats,offers love seats,SEM_Sofas,Exact
love seats,love seats offers,SEM_Sofas,Exact
love seats,online love seats,SEM_Sofas,Exact
love seats,love seats online,SEM_Sofas,Exact
love seats,shop love seats,SEM_Sofas,Exact
love seats,love seats shop,SEM_Sofas,Exact
love seats,store love seats,SEM_Sofas,Exact
love seats,love seats store,SEM_Sofas,Exact
love seats,deals love seats,SEM_Sofas,Exact
love seats,love seats deals,SEM_Sofas,Exact
love seats,affordable love seats,SEM_Sofas,Exact
love seats,love seats affordable,SEM_Sofas,Exact
recliners,buy recliners,SEM_Sofas,Exact
recliners,recliners buy,SEM_Sofas,Exact
recliners,discount recliners,SEM_Sofas,Exact
recliners,recliners discount,SEM_Sofas,Exact
recliners,sale recliners,SEM_Sofas,Exact
recliners,recliners sale,SEM_Sofas,Exact
recliners,cheap recliners,SEM_Sofas,Exact
recliners,recliners cheap,SEM_Sofas,Exact
recliners,prices recliners,SEM_Sofas,Exact
recliners,recliners prices,SEM_Sofas,Exact
recliners,best recliners,SEM_Sofas,Exact
recliners,recliners best,SEM_Sofas,Exact
recliners,offers recliners,SEM_Sofas,Exact
recliners,recliners offers,SEM_Sofas,Exact
recliners,online recliners,SEM_Sofas,Exact
recliners,recliners online,SEM_Sofas,Exact
recliners,shop recliners,SEM_Sofas,Exact
recliners,recliners shop,SEM_Sofas,Exact
recliners,store recliners,SEM_Sofas,Exact
recliners,recliners store,SEM_Sofas,Exact
recliners,deals recliners,SEM_Sofas,Exact
recliners,recliners deals,SEM_Sofas,Exact
recliners,affordable recliners,SEM_Sofas,Exact
recliners,recliners affordable,SEM_Sofas,Exact
sofa beds,buy sofa beds,SEM_Sofas,Exact
sofa beds,sofa beds buy,SEM_Sofas,Exact
sofa beds,discount sofa beds,SEM_Sofas,Exact
sofa beds,sofa beds discount,SEM_Sofas,Exact
sofa beds,sale sofa beds,SEM_Sofas,Exact
sofa beds,sofa beds sale,SEM_Sofas,Exact
sofa beds,cheap sofa beds,SEM_Sofas,Exact
sofa beds,sofa beds cheap,SEM_Sofas,Exact
sofa beds,prices sofa beds,SEM_Sofas,Exact
sofa beds,sofa beds prices,SEM_Sofas,Exact
sofa beds,best sofa beds,SEM_Sofas,Exact
sofa beds,sofa beds best,SEM_Sofas,Exact
sofa beds,offers sofa beds,SEM_Sofas,Exact
sofa beds,sofa beds offers,SEM_Sofas,Exact
sofa beds,online sofa beds,SEM_Sofas,Exact
sofa beds,sofa beds online,SEM_Sofas,Exact
sofa beds,shop sofa beds,SEM_Sofas,Exact
sofa beds,sofa beds shop,SEM_Sofas,Exact
sofa beds,store sofa beds,SEM_Sofas,Exact
sofa beds,sofa beds store,SEM_Sofas,Exact
sofa beds,deals sofa beds,SEM_Sofas,Exact
sofa beds,sofa beds deals,SEM_Sofas,Exact
sofa beds,affordable sofa beds,SEM_Sofas,Exact
sofa beds,sofa beds affordable,SEM_Sofas,Exact
